name,scope,organiser,host_country,eligibility,team_size,cs_ai_fit,format,key_dates_2026_27,status_for_him,recognition,cost,url,notes
Regeneron ISEF,Global,Society for Science,USA (Los Angeles),Grades 9-12; under 20,1 or 2 (via IRIS),High,"Research project fair, 22 categories","May 8-14, 2027",Eligible ONLY by winning IRIS first,Global - the top pre-college science prize,Free once selected; IRIS fee applies,https://www.societyforscience.org/isef/,"CS-relevant categories: Systems Software, Embedded Systems, Robotics and Intelligent Machines, Computational Biology and Bioinformatics"
IRIS National Fair,National (India) - gateway to ISEF,Broadcom + DST + Society for Science / ExStemplar,India,"Indian-origin students studying in India, Classes 5-12",1 or exactly 2,High,"Original research or novel engineering, judged by scientists","Registration Aug 1 - Oct 3, 2026; SRC review + Fair Nov 2026","OPEN NOW - deadline Oct 3, 2026","National, and the only India route to ISEF",INR 5000 + taxes per project; EWS waiver available,https://iris.exstemplar.com/,"THE highest-leverage option. 21 categories incl. Systems Software, Embedded Systems, Robotics. Data must be under 12 months old"
International Olympiad in AI (IOAI),Global,IOAI,UAE (Abu Dhabi) 2026; 2027 TBA,Secondary school students,Team of 4 per country,Very high,"AI/ML olympiad, scientific + practical rounds","IOAI 2026 held Aug 2-8, 2026",2026 cycle over; enter via INAIO 2027,"Global, very high and still rare in India",Free once selected,https://ioai-official.org/,Newest and most prestigious AI-specific olympiad. Only 3rd edition in 2026 - early-mover advantage
INAIO (Indian National AI Olympiad),National (India),ACM India + ACM IKDD,India,"Classes 9-12, Indian citizens; 2026 cutoff was born after Aug 2, 2006",Individual,Very high,Online test then multi-stage ML evaluation,"INAIO 2026: reg closed Dec 31 2025, test Jan 18 2026. INAIO 2027 expected reg Nov-Dec 2026",Watch for 2027 registration around Nov-Dec 2026,"National, selects Team India for IOAI",Low,https://manageexam.com/INAIO2026/,"Toppers of INMO, INOI, PLO, Bebras get direct entry to Stage 2 - so ICO doubles as a shortcut"
International Olympiad in Informatics (IOI),Global,IOI,Rotates annually,Secondary school students,4 per country,Very high,Two-day competitive programming contest,Via Indian Computing Olympiad selection chain,Enter via ZCO/ZIO around Nov-Dec 2026,Global - the most prestigious CS competition for school students,Free,https://ioinformatics.org,"Extremely hard; realistically a 2-3 year training path, not a one-year sprint"
Indian Computing Olympiad (ZCO / ZIO / INOI),National (India),IARCS,India,Any student registered in school up to Class 12,Individual,Very high,"ZIO written exam or ZCO programming exam, then INOI, then IOITC camp",Exams typically Nov-Dec (ZCO/ZIO) and Jan (INOI); registration usually opens Sept-Oct,Likely OPEN or opening soon - check IARCS,National; INOI qualification is a real CV credential,Low exam fee,https://www.iarcs.org.in/inoi/,Can write both ZCO and ZIO. Class 12 is his LAST eligible year. Also unlocks INAIO Stage 2
USACO,International (open to all countries),USA Computing Olympiad,USA / online,"Pre-college students, any country",Individual,Very high,"Online contests, 4 divisions Bronze to Platinum","Contests Dec 2026, Jan 2027, Feb 2027, US Open Mar 2027","OPEN - free, can start immediately",Global - Platinum standing is internationally recognised,Free,https://usaco.org,International competitors can reach Platinum but cannot be picked for the USA IOI team. Best low-cost global credential for a strong coder
Bebras International Challenge,Global,Bebras,"Worldwide, online",Primary and secondary students,Individual,Medium,Short computational-thinking test,Usually November,Check India organiser,"International participation, modest prestige alone",Free or minimal,https://www.bebras.org/,Worth doing because Bebras toppers get direct INAIO Stage 2 entry
Apple Swift Student Challenge,Global,Apple,USA (WWDC) / global,"Age 13+ and enrolled student, or graduated within 6 months",Individual,Very high,"Build a Swift Playgrounds app project, ~3 min experience","Submissions historically Feb, winners announced Mar; SSC 2027 expected Feb 2027",Opens ~Feb 2027 - prepare in advance,"Global, strong name recognition",Free,https://developer.apple.com/swift-student-challenge/,"350 winners globally per year, 50 Distinguished Winners get WWDC trip. Pure software, no lab needed"
Coolest Projects,Global,Raspberry Pi Foundation,Online + regional (incl. India),Any young person up to age 18,Individual or team,High,"Online tech showcase, not a ranked contest",2026 entries opened January; 2027 expected January,Opens ~Jan 2027; Coolest Projects India also runs,"International visibility, low competitive prestige",Free,https://online.coolestprojects.org/,"Good for exposure and a portfolio entry, weak as a standalone win"
Breakthrough Junior Challenge,Global,Breakthrough Prize Foundation,USA / online,Ages 13-18 (must not have turned 19),Individual,Medium,Short video explaining a big idea in science or maths,"Entries typically open spring, close ~late June; winner announced at the Breakthrough Prize ceremony",Opens ~spring 2027,"Global - USD 250,000 scholarship, very high public visibility",Free,https://breakthroughjuniorchallenge.org/,"An Indian student (Sia Godika) won in 2023 and another (Samay Godika) in 2018 - proven route for Indian students. Science communication, not a build"
Microsoft Imagine Cup Junior,Global,Microsoft,Online,Ages 13-18 in the AI for Good category,Team with an educator,High,AI solution concept submission,"2026 submissions closed Jan 5, 2026; next cycle expected Jan 2027",Opens ~late 2026,"International, moderate prestige",Free,https://imaginecup.microsoft.com/,"Concept-stage, not a full build - low time cost"
International Computer Science Competition (ICSC),Global,ICSC,Online,High school and university students worldwide,Individual,High,Multi-round online CS exam,"2026: registration closed Aug 11, exam Aug 14-16, 2026",2026 round just closed; 2027 next,International but lower-tier prestige,Free or low,https://icscompetition.org/,"Useful filler, not a headline win"
Genius Olympiad,Global,Terra Science and Education + RIT,"USA (Rochester, New York)",High school students,Individual or team,Medium,"Project fair with Science, Robotics, Engineering categories","Submissions typically Mar-Apr, finals June",Opens ~early 2027,"Global, 70+ countries",Submission fee + travel,https://www.geniusolympiad.org/,Requires an environmental sustainability angle - CS project must be framed around it
Conrad Challenge,Global,Conrad Foundation,"USA (Houston, NASA Space Center)",Ages 13-18,Teams up to 5,High,Multi-phase innovation and business challenge,2026-27 round opens around August 2026,LIKELY OPEN NOW - verify,"Global, strong innovation credential",Entry fee,https://www.conradchallenge.org/,Cyber-Technology and Security category fits a CS student well
NASA Space Apps Challenge,Global,NASA,450+ local events worldwide incl. India,"All ages, all skill levels",Teams,High,48-hour global hackathon on NASA open data,"November 14-15, 2026",OPEN - register at a nearby local event,Global Nominee / Global Winner status is genuinely prestigious,Free,https://www.spaceappschallenge.org/,"Largest annual global hackathon. Low cost, high name recognition, fits a coder perfectly"
Hack Club Stardance Challenge,Global,Hack Club + NASA,Online,Ages 13-18,Individual or team,High,"Build with real NASA mission data (Artemis, JWST)","June 1 - September 30, 2026","OPEN - closes Sept 30, 2026","International, growing reputation",Free,https://www.nasa.gov/stem-content/hack-club-stardance-challenge/,"Closes in a month. Pure software, no travel, no fee"
Hack Club high school hackathons,Global,Hack Club,"7+ countries in 2026, incl. online",High school students,Individual or team,High,In-person and online hackathons year-round,Rolling through 2026-27,OPEN,"Community recognition, not formal prestige",Free,https://hackathons.hackclub.com/,"Good practice and network, weak as a standalone credential"
MLH hackathons,Global,Major League Hacking,Worldwide + online,Varies - many events require 18+,Teams,High,Weekend hackathons,Year-round,Check per-event age rules,"International, moderate",Free,https://mlh.io/,Age restrictions block many events for under-18s
World Robot Olympiad (WRO),Global,WRO Association,Rotating host; India national round,Up to age 19,Team,High,Robotics build and challenge,"National rounds mid-year, international finals Nov",Check India national organiser,Global,Kit and travel costs,https://wro-association.org/,Hardware-heavy and expensive; needs a robotics kit and long build time
FIRST Tech Challenge / FIRST Global,Global,FIRST,USA + India nationals,Ages 12-18,Team,High,Robotics season with regional and national events,Season runs Sept-Apr,Needs an existing school team,Global,High - kit and registration,https://www.firstinspires.org/,Realistically impossible to join cold in Class 12
RoboCupJunior,Global,RoboCup Federation,Rotating host,Under 19,Team,High,"Robot soccer, rescue, on-stage",National qualifiers vary,Needs India regional entry,Global,Hardware costs,https://junior.robocup.org/,Same problem as FIRST - long lead time
iGEM (High School track),Global,iGEM Foundation,France (Grand Jamboree),High school teams,Team,Low for pure CS,Synthetic biology design and build,"Registration early year, Jamboree Oct-Nov",Poor fit and very expensive,Global,Very high - several lakh INR,https://igem.org/,Has a software track but the wet-lab expectation makes it impractical
Stockholm Junior Water Prize,Global,SIWI,Sweden (World Water Week),Ages 15-20,Individual or team,Low-Medium,Water-related research project,National round then Aug finals,Only if project is water-themed,"Global, high prestige in its niche",Free,https://siwi.org/,Would require reframing the project entirely around water
NYAS Junior Academy Innovation Challenges,Global,New York Academy of Sciences,Online,Ages 13-17,Virtual international team,High,10-week virtual innovation sprints,Cohorts open a few times a year,Check current cohort,"International, moderate",Free or low,https://www.nyas.org/,Note the 13-17 age cap - verify he is still under it
Diamond Challenge,Global,University of Delaware,USA + online,High school students,Team,Medium,Entrepreneurship pitch,Submissions typically Jan,Opens ~late 2026,"International, entrepreneurship-focused",Free,https://diamondchallenge.org/,"Business framing, not a technical win"
Technovation Girls,Global,Technovation,Online,"Ages 13-18, girls only",Team,High,Build an app for a community problem,Applications open early fall,NOT ELIGIBLE - girls only,Global,Free,https://www.technovation.org/,Listed only for completeness
picoCTF,Restricted,Carnegie Mellon University,Online,"13+; prize eligibility limited to US, Japan, and Africa schools",Team,High,Cybersecurity capture-the-flag,"Annual, usually March",Can compete unranked; NOT prize-eligible from India,"Global name, but no official standing for him",Free,https://picoctf.org/,"Excellent training, but he cannot officially win from India"
Regeneron Science Talent Search,USA only,Society for Science,USA,US high school seniors only,Individual,High,Research competition,Nov deadline,NOT ELIGIBLE,Global,Free,https://www.societyforscience.org/regeneron-sts/,US residents only
Davidson Fellows,USA only,Davidson Institute,USA,US students under 18,Individual,High,Portfolio scholarship,Feb deadline,NOT ELIGIBLE,National (US),Free,https://www.davidsongifted.org/,US residents only
Congressional App Challenge,USA only,US Congress,USA,US high school students,Individual or team,High,App build,Autumn deadline,NOT ELIGIBLE,National (US),Free,https://www.congressionalappchallenge.us/,US residents only
ATL Marathon / School Innovation Marathon,National (India),"Atal Innovation Mission, NITI Aayog",India,"Classes 6-12, any recognised school",Teams of 3-5 with a teacher,High,"Identify a community problem, build a working prototype",Idea submission deadline historically Nov 30; top teams announced Jan,Opens around Sept-Nov 2026,"National, government-backed",Free,https://aim.gov.in/atal-tinkering-marathon.php,"Strong national recognition, Student Innovator Programme for winners"
National Childrens Science Congress (NCSC),National (India),"NCSTC, Dept of Science and Technology",India,Classes 6-12 and out-of-school children aged 10-17,Team of 2 + mentor teacher,Medium,"Project on a fixed annual theme, district then state then national","2026 theme: Science and Innovation for Sustainability. District Oct-Nov, State Nov-Dec, National Dec-Jan",Check Kerala state coordinator; VERIFY his age against the 17-year cap,National,Free,https://ncsc.gov.in/,Theme lock means a CS project must be bent toward sustainability sub-themes
vivo Ignite,National (India),vivo India,India,"Classes 8-12, including NIOS and homeschool",Team,High,Innovation and technology challenge with mentorship,"Annual cycle, check current edition",Verify current edition dates,"National, corporate-backed",Free,https://vivoignite.com/,"Decent national visibility, lighter commitment than ATL Marathon"
Youth Ideathon,National (India),Chhatra Vishwakarma / partners,India,School students,Team,Medium,Idea and innovation contest,Annual,Verify current edition,National,Free,https://youthideathon.in/,Lower tier but low effort
Jawaharlal Nehru National Science Exhibition (JNNSEC / RBVP),National (India),NCERT,India,Classes 6-12,Team,Medium,National science exhibition fed by state exhibitions,State rounds then national,VERIFY whether Kerala Sasthrolsavam winners feed into this,National,Free,https://ncert.nic.in/,"If the route exists, Sasthrolsavam and this become one continuous path - worth confirming with the school"
CBSE Science Exhibition,National (India),CBSE,India,CBSE-affiliated schools only,Team,Medium,Regional then national exhibition,Annual,NOT ELIGIBLE - he is in a state syllabus school,National,Free,https://www.cbse.gov.in/,Listed to rule it out
IGNITE Awards,National (India),National Innovation Foundation,India,"Students up to Class 12, generally under 17",Individual or team,Medium,"Original idea submission, not a built prototype",Deadline historically Aug 31,VERIFY - deadline may have just passed and age cap may exclude him,"National, President-level felicitation",Free,https://nif.org.in/ignite,"Idea-stage only, very low effort if still open"
Smart India Hackathon,National (India),Ministry of Education,India,Primarily higher education students,Team,High,36-hour national hackathon,"Annual, autumn",NOT ELIGIBLE at school level unless a Junior edition runs - VERIFY,"National, very high profile",Free,https://sih.gov.in/,Check whether a school-level SIH Junior edition exists this cycle
Kerala School Sasthrolsavam,State (Kerala),DGE Kerala,Kerala,HSS/VHSS students in Kerala schools,Science Fair items: 2. IT Fair items: 1,Medium (Science Fair) to High (IT Fair),School then sub-district then district then state,"School Aug 2026, Sub-district Sept 2026, District Oct 2026, State Nov 2026",URGENT - sub-district is September 2026,State only,Free,https://mela.kite.kerala.gov.in/,"Prestigious within Kerala, essentially unknown outside it"
Young Innovators Programme (YIP),State (Kerala),K-DISC,Kerala,Students above Class 8; ages 12-35,Teams of 2-5,High,Idea submission then incubation and funding support,Check current edition on portal,Verify current edition is open,"State, but leads to real funding and incubation",Free,https://yip.kerala.gov.in/,Best state-level option for turning a project into something fundable
