year,award,winner,age_or_grade,school_or_org,country_or_state,project,source_url,data_status
2024,Gold medal (India),Kshitij Sodani,,,India,"IOI 2024, Egypt",https://www.iarcs.org.in/inoi/,verified
2024,Silver medal (India),Samik Goyal,,,India,"IOI 2024, Egypt",https://www.iarcs.org.in/inoi/,verified
2024,Silver medal (India),Sushil Raaja U,,,India,"IOI 2024, Egypt",https://www.iarcs.org.in/inoi/,verified
2024,Bronze medal (India),Yash Thakker,,,India,"IOI 2024, Egypt",https://www.iarcs.org.in/inoi/,verified
2023,Gold medal (India),Kshitij Sodani,,,India,"IOI 2023, Hungary - best ever Indian performance",https://www.iarcs.org.in/inoi/,verified
2023,Silver medal (India),Paras Kasmalkar,,,India,"IOI 2023, Hungary",https://www.iarcs.org.in/inoi/,verified
2023,Silver medal (India),Shreyan Ray,,,India,"IOI 2023, Hungary",https://www.iarcs.org.in/inoi/,verified
2023,Bronze medal (India),Sushil Raaja U,,,India,"IOI 2023, Hungary",https://www.iarcs.org.in/inoi/,verified
2022,Silver medal (India),Paras Kasmalkar,,,India,"IOI 2022, Indonesia",https://www.iarcs.org.in/inoi/,verified
2022,Silver medal (India),Kshitij Sodani,,,India,"IOI 2022, Indonesia",https://www.iarcs.org.in/inoi/,verified
2022,Bronze medal (India),Harshin Posina,,,India,"IOI 2022, Indonesia",https://www.iarcs.org.in/inoi/,verified
2022,Bronze medal (India),Ritul Kumar Singh,,,India,"IOI 2022, Indonesia",https://www.iarcs.org.in/inoi/,verified
2025,India team,,,,India,,https://stats.ioinformatics.org/countries/IND,not_found - 2025 Indian medal list not retrieved
2026,India team,,,,India,Leader: Madhavan Mukund; Deputy Leader: Shreyan Ray,https://stats.ioinformatics.org/results/2026,partial - contestant medals not retrieved
